checkpoint, train WER, val WER, dis_val wer, train loss, val loss, dis_val loss
checkpoint-2000,,5.944573725407235,34.14521285546021,,0.07081013917922974,0.5141721367835999
checkpoint-6000,,5.521472392638037,33.06831566548881,,0.06883297860622406,0.5502345561981201
checkpoint-3000,,6.579225724561033,34.830893488137306,,0.06825336813926697,0.5321000814437866
checkpoint-5000,,5.627247725830337,33.16927477704863,,0.06868252158164978,0.5475283265113831
checkpoint-4000,,5.373386926168817,33.38801951876157,,0.06841178983449936,0.5415329337120056
checkpoint-1000,,7.848529722868627,33.93067474339559,,0.07544823735952377,0.4945998191833496
