scene,listener,system,predicted
S09461,L0242,E036,67.22460985183716
S09913,L0224,E010,67.21100807189941
S08656,L0200,E018,67.17103719711304
S08847,L0216,E013,67.17722415924072
S09483,L0221,E018,67.16907620429993
S09580,L0222,E021,67.1654462814331
S09386,L0241,E013,67.19473600387573
S08605,L0236,E010,67.22003221511841
