scene,listener,system,predicted
S09392,L0243,E037,67.16024279594421
S09073,L0243,E038,67.23294854164124
S08542,L0243,E037,67.16288924217224
S09079,L0254,E038,67.14995503425598
S08996,L0243,E038,67.2132134437561
S08945,L0243,E038,67.22266674041748
